Jane,Smith,37
Alice,Johnson,25
Bob,Williams,45
John,Doe,33
Jane,Smith,37
Alice,Johnson,25
Bob,Williams,45
John,Doe,33
Jane,Smith,37
Alice,Johnson,25
Bob,Williams,45
John,Doe,33
Jane,Smith,37
Alice,Johnson,25
Bob,Williams,45
John,Doe,33
Jane,Smith,37
Alice,Johnson,25
Bob,Williams,45
John,Doe,33
Jane,Smith,37
Alice,Johnson,25
Bob,Williams,45
John,Doe,33
Jane,Smith,37
Alice,Johnson,25
Bob,Williams,45
John,Doe,33
Jane,Smith,37
Alice,Johnson,25
Bob,Williams,45
John,Doe,33
Jane,Smith,37
Alice,Johnson,25
Bob,Williams,45
John,Doe,33
Jane,Smith,37
Alice,Johnson,25
Bob,Williams,45
John,Doe,33
Jane,Smith,37
Alice,Johnson,25
Bob,Williams,45
John,Doe,33
Jane,Smith,37
Alice,Johnson,25
Bob,Williams,45
John,Doe,33
Jane,Smith,37
Alice,Johnson,25
Bob,Williams,45
John,Doe,33
Jane,Smith,37
Alice,Johnson,25
Bob,Williams,45
John,Doe,33
Jane,Smith,37
Alice,Johnson,25
Bob,Williams,45
John,Doe,33
Jane,Smith,37
Alice,Johnson,25
Bob,Williams,45
John,Doe,33
Jane,Smith,37
Alice,Johnson,25
Bob,Williams,45
John,Doe,33
Jane,Smith,37
Alice,Johnson,25
Bob,Williams,45
John,Doe,33
Jane,Smith,37
Alice,Johnson,25
Bob,Williams,45
John,Doe,33
Jane,Smith,37
Alice,Johnson,25
Bob,Williams,45
John,Doe,33
Jane,Smith,37
Alice,Johnson,25
Bob,Williams,45
John,Doe,33
Jane,Smith,37
Alice,Johnson,25
Bob,Williams,45
John,Doe,33
Jane,Smith,37
Alice,Johnson,25
Bob,Williams,45
John,Doe,33
Jane,Smith,37
Alice,Johnson,25
Bob,Williams,45
John,Doe,33
Jane,Smith,37
Alice,Johnson,25
Bob,Williams,45
John,Doe,33
Jane,Smith,37
Alice,Johnson,25
Bob,Williams,45
John,Doe,33
Jane,Smith,37
Alice,Johnson,25
Bob,Williams,45
John,Doe,33
Jane,Smith,37
Alice,Johnson,25
Bob,Williams,45
John,Doe,33
Jane,Smith,37
Alice,Johnson,25
Bob,Williams,45
John,Doe,33
Jane,Smith,37
Alice,Johnson,25
Bob,Williams,45
John,Doe,33
Jane,Smith,37
Alice,Johnson,25
Bob,Williams,45
John,Doe,33
Jane,Smith,37
Alice,Johnson,25
Bob,Williams,45
John,Doe,33
Jane,Smith,37
Alice,Johnson,25
Bob,Williams,45
John,Doe,33
Jane,Smith,37
Alice,Johnson,25
Bob,Williams,45
John,Doe,33
Jane,Smith,37
Alice,Johnson,25
Bob,Williams,45
John,Doe,33
Jane,Smith,37
Alice,Johnson,25
Bob,Williams,45
John,Doe,33
Jane,Smith,37
Alice,Johnson,25
Bob,Williams,45
John,Doe,33
Jane,Smith,37
Alice,Johnson,25
Bob,Williams,45
John,Doe,33
Jane,Smith,37
Alice,Johnson,25
Bob,Williams,45
John,Doe,33
Jane,Smith,37
Alice,Johnson,25
Bob,Williams,45
John,Doe,33
Jane,Smith,37
Alice,Johnson,25
Bob,Williams,45
John,Doe,33
Jane,Smith,37
Alice,Johnson,25
Bob,Williams,45
John,Doe,33
Jane,Smith,37
Alice,Johnson,25
Bob,Williams,45
John,Doe,33
Jane,Smith,37
Alice,Johnson,25
Bob,Williams,45
John,Doe,33
Jane,Smith,37
Alice,Johnson,25
Bob,Williams,45
John,Doe,33
Jane,Smith,37
Alice,Johnson,25
Bob,Williams,45
John,Doe,33
Jane,Smith,37
Alice,Johnson,25
Bob,Williams,45
John,Doe,33
Jane,Smith,37
Alice,Johnson,25
Bob,Williams,45
John,Doe,33
Jane,Smith,37
Alice,Johnson,25
Bob,Williams,45
John,Doe,33
Jane,Smith,37
Alice,Johnson,25
Bob,Williams,45
John,Doe,33
Jane,Smith,37
Alice,Johnson,25
Bob,Williams,45
John,Doe,33
Jane,Smith,37
Alice,Johnson,25
Bob,Williams,45
John,Doe,33
Jane,Smith,37
Alice,Johnson,25
Bob,Williams,45
John,Doe,33
Jane,Smith,37
Alice,Johnson,25
Bob,Williams,45
John,Doe,33
Jane,Smith,37
Alice,Johnson,25
Bob,Williams,45
John,Doe,33
Jane,Smith,37
Alice,Johnson,25
Bob,Williams,45
John,Doe,33
Jane,Smith,37
Alice,Johnson,25
Bob,Williams,45
John,Doe,33
Jane,Smith,37
Alice,Johnson,25
Bob,Williams,45
John,Doe,33
Jane,Smith,37
Alice,Johnson,25
Bob,Williams,45
John,Doe,33
Jane,Smith,37
Alice,Johnson,25
Bob,Williams,45
John,Doe,33
Jane,Smith,37
Alice,Johnson,25
Bob,Williams,45
John,Doe,33
Jane,Smith,37
Alice,Johnson,25
Bob,Williams,45
John,Doe,33
Jane,Smith,37
Alice,Johnson,25
Bob,Williams,45
John,Doe,33
Jane,Smith,37
Alice,Johnson,25
Bob,Williams,45
John,Doe,33
Jane,Smith,37
Alice,Johnson,25
Bob,Williams,45
John,Doe,33
Jane,Smith,37
Alice,Johnson,25
Bob,Williams,45
John,Doe,33
Jane,Smith,37
Alice,Johnson,25
Bob,Williams,45
John,Doe,33
Jane,Smith,37
Alice,Johnson,25
Bob,Williams,45
John,Doe,33
Jane,Smith,37
Alice,Johnson,25
Bob,Williams,45
John,Doe,33
Jane,Smith,37
Alice,Johnson,25
Bob,Williams,45
John,Doe,33
Jane,Smith,37
Alice,Johnson,25
Bob,Williams,45
John,Doe,33
Jane,Smith,37
Alice,Johnson,25
Bob,Williams,45
John,Doe,33
Jane,Smith,37
Alice,Johnson,25
Bob,Williams,45
John,Doe,33
Jane,Smith,37
Alice,Johnson,25
Bob,Williams,45
John,Doe,33
Jane,Smith,37
Alice,Johnson,25
Bob,Williams,45
John,Doe,33
Jane,Smith,37
Alice,Johnson,25
Bob,Williams,45
John,Doe,33
Jane,Smith,37
Alice,Johnson,25
Bob,Williams,45
John,Doe,33
Jane,Smith,37
Alice,Johnson,25
Bob,Williams,45
John,Doe,33
Jane,Smith,37
Alice,Johnson,25
Bob,Williams,45
John,Doe,33
Jane,Smith,37
Alice,Johnson,25
Bob,Williams,45
John,Doe,33
Jane,Smith,37
Alice,Johnson,25
Bob,Williams,45
John,Doe,33
Jane,Smith,37
Alice,Johnson,25
Bob,Williams,45
John,Doe,33
Jane,Smith,37
Alice,Johnson,25
Bob,Williams,45
John,Doe,33
Jane,Smith,37
Alice,Johnson,25
Bob,Williams,45
John,Doe,33
Jane,Smith,37
Alice,Johnson,25
Bob,Williams,45
John,Doe,33
Jane,Smith,37
Alice,Johnson,25
Bob,Williams,45
John,Doe,33
Jane,Smith,37
Alice,Johnson,25
Bob,Williams,45
John,Doe,33
Jane,Smith,37
Alice,Johnson,25
Bob,Williams,45
John,Doe,33
Jane,Smith,37
Alice,Johnson,25
Bob,Williams,45
John,Doe,33
Jane,Smith,37
Alice,Johnson,25
Bob,Williams,45
John,Doe,33
Jane,Smith,37
Alice,Johnson,25
Bob,Williams,45
John,Doe,33
Jane,Smith,37
Alice,Johnson,25
Bob,Williams,45
John,Doe,33
Jane,Smith,37
Alice,Johnson,25
Bob,Williams,45
John,Doe,33
Jane,Smith,37
Alice,Johnson,25
Bob,Williams,45
John,Doe,33
Jane,Smith,37
Alice,Johnson,25
Bob,Williams,45
John,Doe,33
Jane,Smith,37
Alice,Johnson,25
Bob,Williams,45
John,Doe,33
Jane,Smith,37
Alice,Johnson,25
Bob,Williams,45
John,Doe,33
Jane,Smith,37
Alice,Johnson,25
Bob,Williams,45
John,Doe,33
Jane,Smith,37
Alice,Johnson,25
Bob,Williams,45
John,Doe,33
Jane,Smith,37
Alice,Johnson,25
Bob,Williams,45
John,Doe,33
Jane,Smith,37
Alice,Johnson,25
Bob,Williams,45
John,Doe,33
Jane,Smith,37
Alice,Johnson,25
Bob,Williams,45
John,Doe,33
Jane,Smith,37
Alice,Johnson,25
Bob,Williams,45
John,Doe,33
Jane,Smith,37
Alice,Johnson,25
Bob,Williams,45
John,Doe,33
Jane,Smith,37
Alice,Johnson,25
Bob,Williams,45
John,Doe,33
Jane,Smith,37
Alice,Johnson,25
Bob,Williams,45
John,Doe,33
Jane,Smith,37
Alice,Johnson,25
Bob,Williams,45
John,Doe,33
Jane,Smith,37
Alice,Johnson,25
Bob,Williams,45
John,Doe,33
Jane,Smith,37
Alice,Johnson,25
Bob,Williams,45
John,Doe,33
Jane,Smith,37
Alice,Johnson,25
Bob,Williams,45
John,Doe,33
Jane,Smith,37
Alice,Johnson,25
Bob,Williams,45
John,Doe,33
Jane,Smith,37
Alice,Johnson,25
Bob,Williams,45
John,Doe,33
Jane,Smith,37
Alice,Johnson,25
Bob,Williams,45
John,Doe,33
Jane,Smith,37
Alice,Johnson,25
Bob,Williams,45
John,Doe,33
Jane,Smith,37
Alice,Johnson,25
Bob,Williams,45
John,Doe,33
Jane,Smith,37
Alice,Johnson,25
Bob,Williams,45
John,Doe,33
Jane,Smith,37
Alice,Johnson,25
Bob,Williams,45
John,Doe,33
Jane,Smith,37
Alice,Johnson,25
Bob,Williams,45
John,Doe,33
Jane,Smith,37
Alice,Johnson,25
Bob,Williams,45
John,Doe,33
Jane,Smith,37
Alice,Johnson,25
Bob,Williams,45
John,Doe,33
Jane,Smith,37
Alice,Johnson,25
Bob,Williams,45
John,Doe,33
Jane,Smith,37
Alice,Johnson,25
Bob,Williams,45
John,Doe,33
Jane,Smith,37
Alice,Johnson,25
Bob,Williams,45
John,Doe,33
Jane,Smith,37
Alice,Johnson,25
Bob,Williams,45
John,Doe,33
Jane,Smith,37
Alice,Johnson,25
Bob,Williams,45
John,Doe,33
Jane,Smith,37
Alice,Johnson,25
Bob,Williams,45
John,Doe,33
Jane,Smith,37
Alice,Johnson,25
Bob,Williams,45
John,Doe,33
Jane,Smith,37
Alice,Johnson,25
Bob,Williams,45
John,Doe,33
Jane,Smith,37
Alice,Johnson,25
Bob,Williams,45
John,Doe,33
Jane,Smith,37
Alice,Johnson,25
Bob,Williams,45
John,Doe,33
Jane,Smith,37
Alice,Johnson,25
Bob,Williams,45
John,Doe,33
Jane,Smith,37
Alice,Johnson,25
Bob,Williams,45
John,Doe,33
Jane,Smith,37
Alice,Johnson,25
Bob,Williams,45
John,Doe,33
Jane,Smith,37
Alice,Johnson,25
Bob,Williams,45
John,Doe,33
Jane,Smith,37
Alice,Johnson,25
Bob,Williams,45
John,Doe,33
Jane,Smith,37
Alice,Johnson,25
Bob,Williams,45
John,Doe,33
Jane,Smith,37
Alice,Johnson,25
Bob,Williams,45
John,Doe,33
Jane,Smith,37
Alice,Johnson,25
Bob,Williams,45
John,Doe,33
Jane,Smith,37
Alice,Johnson,25
Bob,Williams,45
John,Doe,33
Jane,Smith,37
Alice,Johnson,25
Bob,Williams,45
John,Doe,33
Jane,Smith,37
Alice,Johnson,25
Bob,Williams,45
John,Doe,33
Jane,Smith,37
Alice,Johnson,25
Bob,Williams,45
John,Doe,33
Jane,Smith,37
Alice,Johnson,25
Bob,Williams,45
John,Doe,33
Jane,Smith,37
Alice,Johnson,25
Bob,Williams,45
John,Doe,33
Jane,Smith,37
Alice,Johnson,25
Bob,Williams,45
John,Doe,33
Jane,Smith,37
Alice,Johnson,25
Bob,Williams,45
John,Doe,33
Jane,Smith,37
Alice,Johnson,25
Bob,Williams,45
John,Doe,33
Jane,Smith,37
Alice,Johnson,25
Bob,Williams,45
John,Doe,33
Jane,Smith,37
Alice,Johnson,25
Bob,Williams,45
John,Doe,33
Jane,Smith,37
Alice,Johnson,25
Bob,Williams,45
John,Doe,33
Jane,Smith,37
Alice,Johnson,25
Bob,Williams,45
John,Doe,33
Jane,Smith,37
Alice,Johnson,25
Bob,Williams,45
John,Doe,33
Jane,Smith,37
Alice,Johnson,25
Bob,Williams,45
John,Doe,33
Jane,Smith,37
Alice,Johnson,25
Bob,Williams,45
John,Doe,33
Jane,Smith,37
Alice,Johnson,25
Bob,Williams,45
John,Doe,33
Jane,Smith,37
Alice,Johnson,25
Bob,Williams,45
John,Doe,33
Jane,Smith,37
Alice,Johnson,25
Bob,Williams,45
John,Doe,33
Jane,Smith,37
Alice,Johnson,25
Bob,Williams,45
John,Doe,33
Jane,Smith,37
Alice,Johnson,25
Bob,Williams,45
John,Doe,33
Jane,Smith,37
Alice,Johnson,25
Bob,Williams,45
John,Doe,33
Jane,Smith,37
Alice,Johnson,25
Bob,Williams,45
John,Doe,33
Jane,Smith,37
Alice,Johnson,25
Bob,Williams,45
John,Doe,33
Jane,Smith,37
Alice,Johnson,25
Bob,Williams,45
John,Doe,33
Jane,Smith,37
Alice,Johnson,25
Bob,Williams,45
John,Doe,33
Jane,Smith,37
Alice,Johnson,25
Bob,Williams,45
John,Doe,33
Jane,Smith,37
Alice,Johnson,25
Bob,Williams,45
John,Doe,33
Jane,Smith,37
Alice,Johnson,25
Bob,Williams,45
John,Doe,33
Jane,Smith,37
Alice,Johnson,25
Bob,Williams,45
John,Doe,33
Jane,Smith,37
Alice,Johnson,25
Bob,Williams,45
John,Doe,33
Jane,Smith,37
Alice,Johnson,25
Bob,Williams,45
John,Doe,33
Jane,Smith,37
Alice,Johnson,25
Bob,Williams,45
John,Doe,33
Jane,Smith,37
Alice,Johnson,25
Bob,Williams,45
John,Doe,33
Jane,Smith,37
Alice,Johnson,25
Bob,Williams,45
John,Doe,33
Jane,Smith,37
Alice,Johnson,25
Bob,Williams,45
John,Doe,33
Jane,Smith,37
Alice,Johnson,25
Bob,Williams,45
John,Doe,33
Jane,Smith,37
Alice,Johnson,25
Bob,Williams,45
John,Doe,33
Jane,Smith,37
Alice,Johnson,25
Bob,Williams,45
John,Doe,33
Jane,Smith,37
Alice,Johnson,25
Bob,Williams,45
John,Doe,33
Jane,Smith,37
Alice,Johnson,25
Bob,Williams,45
John,Doe,33
Jane,Smith,37
Alice,Johnson,25
Bob,Williams,45
John,Doe,33
Jane,Smith,37
Alice,Johnson,25
Bob,Williams,45
John,Doe,33
Jane,Smith,37
Alice,Johnson,25
Bob,Williams,45
John,Doe,33
Jane,Smith,37
Alice,Johnson,25
Bob,Williams,45
John,Doe,33
Jane,Smith,37
Alice,Johnson,25
Bob,Williams,45
John,Doe,33
Jane,Smith,37
Alice,Johnson,25
Bob,Williams,45
John,Doe,33
Jane,Smith,37
Alice,Johnson,25
Bob,Williams,45
John,Doe,33
Jane,Smith,37
Alice,Johnson,25
Bob,Williams,45
John,Doe,33
Jane,Smith,37
Alice,Johnson,25
Bob,Williams,45
John,Doe,33
Jane,Smith,37
Alice,Johnson,25
Bob,Williams,45
John,Doe,33
Jane,Smith,37
Alice,Johnson,25
Bob,Williams,45
John,Doe,33
Jane,Smith,37
Alice,Johnson,25
Bob,Williams,45
John,Doe,33
Jane,Smith,37
Alice,Johnson,25
Bob,Williams,45
John,Doe,33
Jane,Smith,37
Alice,Johnson,25
Bob,Williams,45
John,Doe,33
Jane,Smith,37
Alice,Johnson,25
Bob,Williams,45
John,Doe,33
Jane,Smith,37
Alice,Johnson,25
Bob,Williams,45
John,Doe,33
Jane,Smith,37
Alice,Johnson,25
Bob,Williams,45
John,Doe,33
Jane,Smith,37
Alice,Johnson,25
Bob,Williams,45
John,Doe,33
Jane,Smith,37
Alice,Johnson,25
Bob,Williams,45
John,Doe,33
Jane,Smith,37
Alice,Johnson,25
Bob,Williams,45
John,Doe,33
Jane,Smith,37
Alice,Johnson,25
Bob,Williams,45
