John,Doe,1990-05-15
Jane,Smith,1985-10-30
Alice,Johnson,1998-03-20
Bob,Williams,1977-12-05
John,Doe,1990-05-15
Jane,Smith,1985-10-30
Alice,Johnson,1998-03-20
Bob,Williams,1977-12-05
John,Doe,1990-05-15
Jane,Smith,1985-10-30
Alice,Johnson,1998-03-20
Bob,Williams,1977-12-05
John,Doe,1990-05-15
Jane,Smith,1985-10-30
Alice,Johnson,1998-03-20
Bob,Williams,1977-12-05
John,Doe,1990-05-15
Jane,Smith,1985-10-30
Alice,Johnson,1998-03-20
Bob,Williams,1977-12-05
John,Doe,1990-05-15
Jane,Smith,1985-10-30
Alice,Johnson,1998-03-20
Bob,Williams,1977-12-05
John,Doe,1990-05-15
Jane,Smith,1985-10-30
Alice,Johnson,1998-03-20
Bob,Williams,1977-12-05
John,Doe,1990-05-15
Jane,Smith,1985-10-30
Alice,Johnson,1998-03-20
Bob,Williams,1977-12-05
John,Doe,1990-05-15
Jane,Smith,1985-10-30
Alice,Johnson,1998-03-20
Bob,Williams,1977-12-05
John,Doe,1990-05-15
Jane,Smith,1985-10-30
Alice,Johnson,1998-03-20
Bob,Williams,1977-12-05
John,Doe,1990-05-15
Jane,Smith,1985-10-30
Alice,Johnson,1998-03-20
Bob,Williams,1977-12-05
John,Doe,1990-05-15
Jane,Smith,1985-10-30
Alice,Johnson,1998-03-20
Bob,Williams,1977-12-05
John,Doe,1990-05-15
Jane,Smith,1985-10-30
Alice,Johnson,1998-03-20
Bob,Williams,1977-12-05
John,Doe,1990-05-15
Jane,Smith,1985-10-30
Alice,Johnson,1998-03-20
Bob,Williams,1977-12-05
John,Doe,1990-05-15
Jane,Smith,1985-10-30
Alice,Johnson,1998-03-20
Bob,Williams,1977-12-05
John,Doe,1990-05-15
Jane,Smith,1985-10-30
Alice,Johnson,1998-03-20
Bob,Williams,1977-12-05
John,Doe,1990-05-15
Jane,Smith,1985-10-30
Alice,Johnson,1998-03-20
Bob,Williams,1977-12-05
John,Doe,1990-05-15
Jane,Smith,1985-10-30
Alice,Johnson,1998-03-20
Bob,Williams,1977-12-05
John,Doe,1990-05-15
Jane,Smith,1985-10-30
Alice,Johnson,1998-03-20
Bob,Williams,1977-12-05
John,Doe,1990-05-15
Jane,Smith,1985-10-30
Alice,Johnson,1998-03-20
Bob,Williams,1977-12-05
John,Doe,1990-05-15
Jane,Smith,1985-10-30
Alice,Johnson,1998-03-20
Bob,Williams,1977-12-05
John,Doe,1990-05-15
Jane,Smith,1985-10-30
Alice,Johnson,1998-03-20
Bob,Williams,1977-12-05
John,Doe,1990-05-15
Jane,Smith,1985-10-30
Alice,Johnson,1998-03-20
Bob,Williams,1977-12-05
John,Doe,1990-05-15
Jane,Smith,1985-10-30
Alice,Johnson,1998-03-20
Bob,Williams,1977-12-05
John,Doe,1990-05-15
Jane,Smith,1985-10-30
Alice,Johnson,1998-03-20
Bob,Williams,1977-12-05
John,Doe,1990-05-15
Jane,Smith,1985-10-30
Alice,Johnson,1998-03-20
Bob,Williams,1977-12-05
John,Doe,1990-05-15
Jane,Smith,1985-10-30
Alice,Johnson,1998-03-20
Bob,Williams,1977-12-05
John,Doe,1990-05-15
Jane,Smith,1985-10-30
Alice,Johnson,1998-03-20
Bob,Williams,1977-12-05
John,Doe,1990-05-15
Jane,Smith,1985-10-30
Alice,Johnson,1998-03-20
Bob,Williams,1977-12-05
John,Doe,1990-05-15
Jane,Smith,1985-10-30
Alice,Johnson,1998-03-20
Bob,Williams,1977-12-05
John,Doe,1990-05-15
Jane,Smith,1985-10-30
Alice,Johnson,1998-03-20
Bob,Williams,1977-12-05
John,Doe,1990-05-15
Jane,Smith,1985-10-30
Alice,Johnson,1998-03-20
Bob,Williams,1977-12-05
John,Doe,1990-05-15
Jane,Smith,1985-10-30
Alice,Johnson,1998-03-20
Bob,Williams,1977-12-05
John,Doe,1990-05-15
Jane,Smith,1985-10-30
Alice,Johnson,1998-03-20
Bob,Williams,1977-12-05
John,Doe,1990-05-15
Jane,Smith,1985-10-30
Alice,Johnson,1998-03-20
Bob,Williams,1977-12-05
John,Doe,1990-05-15
Jane,Smith,1985-10-30
Alice,Johnson,1998-03-20
Bob,Williams,1977-12-05
John,Doe,1990-05-15
Jane,Smith,1985-10-30
Alice,Johnson,1998-03-20
Bob,Williams,1977-12-05
John,Doe,1990-05-15
Jane,Smith,1985-10-30
Alice,Johnson,1998-03-20
Bob,Williams,1977-12-05
John,Doe,1990-05-15
Jane,Smith,1985-10-30
Alice,Johnson,1998-03-20
Bob,Williams,1977-12-05
John,Doe,1990-05-15
Jane,Smith,1985-10-30
Alice,Johnson,1998-03-20
Bob,Williams,1977-12-05
John,Doe,1990-05-15
Jane,Smith,1985-10-30
Alice,Johnson,1998-03-20
Bob,Williams,1977-12-05
John,Doe,1990-05-15
Jane,Smith,1985-10-30
Alice,Johnson,1998-03-20
Bob,Williams,1977-12-05
John,Doe,1990-05-15
Jane,Smith,1985-10-30
Alice,Johnson,1998-03-20
Bob,Williams,1977-12-05
John,Doe,1990-05-15
Jane,Smith,1985-10-30
Alice,Johnson,1998-03-20
Bob,Williams,1977-12-05
John,Doe,1990-05-15
Jane,Smith,1985-10-30
Alice,Johnson,1998-03-20
Bob,Williams,1977-12-05
John,Doe,1990-05-15
Jane,Smith,1985-10-30
Alice,Johnson,1998-03-20
Bob,Williams,1977-12-05
John,Doe,1990-05-15
Jane,Smith,1985-10-30
Alice,Johnson,1998-03-20
Bob,Williams,1977-12-05
John,Doe,1990-05-15
Jane,Smith,1985-10-30
Alice,Johnson,1998-03-20
Bob,Williams,1977-12-05
John,Doe,1990-05-15
Jane,Smith,1985-10-30
Alice,Johnson,1998-03-20
Bob,Williams,1977-12-05
John,Doe,1990-05-15
Jane,Smith,1985-10-30
Alice,Johnson,1998-03-20
Bob,Williams,1977-12-05
John,Doe,1990-05-15
Jane,Smith,1985-10-30
Alice,Johnson,1998-03-20
Bob,Williams,1977-12-05
John,Doe,1990-05-15
Jane,Smith,1985-10-30
Alice,Johnson,1998-03-20
Bob,Williams,1977-12-05
John,Doe,1990-05-15
Jane,Smith,1985-10-30
Alice,Johnson,1998-03-20
Bob,Williams,1977-12-05
John,Doe,1990-05-15
Jane,Smith,1985-10-30
Alice,Johnson,1998-03-20
Bob,Williams,1977-12-05
John,Doe,1990-05-15
Jane,Smith,1985-10-30
Alice,Johnson,1998-03-20
Bob,Williams,1977-12-05
John,Doe,1990-05-15
Jane,Smith,1985-10-30
Alice,Johnson,1998-03-20
Bob,Williams,1977-12-05
John,Doe,1990-05-15
Jane,Smith,1985-10-30
Alice,Johnson,1998-03-20
Bob,Williams,1977-12-05
John,Doe,1990-05-15
Jane,Smith,1985-10-30
Alice,Johnson,1998-03-20
Bob,Williams,1977-12-05
John,Doe,1990-05-15
Jane,Smith,1985-10-30
Alice,Johnson,1998-03-20
Bob,Williams,1977-12-05
John,Doe,1990-05-15
Jane,Smith,1985-10-30
Alice,Johnson,1998-03-20
Bob,Williams,1977-12-05
John,Doe,1990-05-15
Jane,Smith,1985-10-30
Alice,Johnson,1998-03-20
Bob,Williams,1977-12-05
John,Doe,1990-05-15
Jane,Smith,1985-10-30
Alice,Johnson,1998-03-20
Bob,Williams,1977-12-05
John,Doe,1990-05-15
Jane,Smith,1985-10-30
Alice,Johnson,1998-03-20
Bob,Williams,1977-12-05
John,Doe,1990-05-15
Jane,Smith,1985-10-30
Alice,Johnson,1998-03-20
Bob,Williams,1977-12-05
John,Doe,1990-05-15
Jane,Smith,1985-10-30
Alice,Johnson,1998-03-20
Bob,Williams,1977-12-05
John,Doe,1990-05-15
Jane,Smith,1985-10-30
Alice,Johnson,1998-03-20
Bob,Williams,1977-12-05
John,Doe,1990-05-15
Jane,Smith,1985-10-30
Alice,Johnson,1998-03-20
Bob,Williams,1977-12-05
John,Doe,1990-05-15
Jane,Smith,1985-10-30
Alice,Johnson,1998-03-20
Bob,Williams,1977-12-05
John,Doe,1990-05-15
Jane,Smith,1985-10-30
Alice,Johnson,1998-03-20
Bob,Williams,1977-12-05
John,Doe,1990-05-15
Jane,Smith,1985-10-30
Alice,Johnson,1998-03-20
Bob,Williams,1977-12-05
John,Doe,1990-05-15
Jane,Smith,1985-10-30
Alice,Johnson,1998-03-20
Bob,Williams,1977-12-05
John,Doe,1990-05-15
Jane,Smith,1985-10-30
Alice,Johnson,1998-03-20
Bob,Williams,1977-12-05
John,Doe,1990-05-15
Jane,Smith,1985-10-30
Alice,Johnson,1998-03-20
Bob,Williams,1977-12-05
John,Doe,1990-05-15
Jane,Smith,1985-10-30
Alice,Johnson,1998-03-20
Bob,Williams,1977-12-05
John,Doe,1990-05-15
Jane,Smith,1985-10-30
Alice,Johnson,1998-03-20
Bob,Williams,1977-12-05
John,Doe,1990-05-15
Jane,Smith,1985-10-30
Alice,Johnson,1998-03-20
Bob,Williams,1977-12-05
John,Doe,1990-05-15
Jane,Smith,1985-10-30
Alice,Johnson,1998-03-20
Bob,Williams,1977-12-05
John,Doe,1990-05-15
Jane,Smith,1985-10-30
Alice,Johnson,1998-03-20
Bob,Williams,1977-12-05
John,Doe,1990-05-15
Jane,Smith,1985-10-30
Alice,Johnson,1998-03-20
Bob,Williams,1977-12-05
John,Doe,1990-05-15
Jane,Smith,1985-10-30
Alice,Johnson,1998-03-20
Bob,Williams,1977-12-05
John,Doe,1990-05-15
Jane,Smith,1985-10-30
Alice,Johnson,1998-03-20
Bob,Williams,1977-12-05
John,Doe,1990-05-15
Jane,Smith,1985-10-30
Alice,Johnson,1998-03-20
Bob,Williams,1977-12-05
John,Doe,1990-05-15
Jane,Smith,1985-10-30
Alice,Johnson,1998-03-20
Bob,Williams,1977-12-05
John,Doe,1990-05-15
Jane,Smith,1985-10-30
Alice,Johnson,1998-03-20
Bob,Williams,1977-12-05
John,Doe,1990-05-15
Jane,Smith,1985-10-30
Alice,Johnson,1998-03-20
Bob,Williams,1977-12-05
John,Doe,1990-05-15
Jane,Smith,1985-10-30
Alice,Johnson,1998-03-20
Bob,Williams,1977-12-05
John,Doe,1990-05-15
Jane,Smith,1985-10-30
Alice,Johnson,1998-03-20
Bob,Williams,1977-12-05
John,Doe,1990-05-15
Jane,Smith,1985-10-30
Alice,Johnson,1998-03-20
Bob,Williams,1977-12-05
John,Doe,1990-05-15
Jane,Smith,1985-10-30
Alice,Johnson,1998-03-20
Bob,Williams,1977-12-05
John,Doe,1990-05-15
Jane,Smith,1985-10-30
Alice,Johnson,1998-03-20
Bob,Williams,1977-12-05
John,Doe,1990-05-15
Jane,Smith,1985-10-30
Alice,Johnson,1998-03-20
Bob,Williams,1977-12-05
John,Doe,1990-05-15
Jane,Smith,1985-10-30
Alice,Johnson,1998-03-20
Bob,Williams,1977-12-05
John,Doe,1990-05-15
Jane,Smith,1985-10-30
Alice,Johnson,1998-03-20
Bob,Williams,1977-12-05
John,Doe,1990-05-15
Jane,Smith,1985-10-30
Alice,Johnson,1998-03-20
Bob,Williams,1977-12-05
John,Doe,1990-05-15
Jane,Smith,1985-10-30
Alice,Johnson,1998-03-20
Bob,Williams,1977-12-05
John,Doe,1990-05-15
Jane,Smith,1985-10-30
Alice,Johnson,1998-03-20
Bob,Williams,1977-12-05
John,Doe,1990-05-15
Jane,Smith,1985-10-30
Alice,Johnson,1998-03-20
Bob,Williams,1977-12-05
John,Doe,1990-05-15
Jane,Smith,1985-10-30
Alice,Johnson,1998-03-20
Bob,Williams,1977-12-05
John,Doe,1990-05-15
Jane,Smith,1985-10-30
Alice,Johnson,1998-03-20
Bob,Williams,1977-12-05
John,Doe,1990-05-15
Jane,Smith,1985-10-30
Alice,Johnson,1998-03-20
Bob,Williams,1977-12-05
John,Doe,1990-05-15
Jane,Smith,1985-10-30
Alice,Johnson,1998-03-20
Bob,Williams,1977-12-05
John,Doe,1990-05-15
Jane,Smith,1985-10-30
Alice,Johnson,1998-03-20
Bob,Williams,1977-12-05
John,Doe,1990-05-15
Jane,Smith,1985-10-30
Alice,Johnson,1998-03-20
Bob,Williams,1977-12-05
John,Doe,1990-05-15
Jane,Smith,1985-10-30
Alice,Johnson,1998-03-20
Bob,Williams,1977-12-05
John,Doe,1990-05-15
Jane,Smith,1985-10-30
Alice,Johnson,1998-03-20
Bob,Williams,1977-12-05
John,Doe,1990-05-15
Jane,Smith,1985-10-30
Alice,Johnson,1998-03-20
Bob,Williams,1977-12-05
John,Doe,1990-05-15
Jane,Smith,1985-10-30
Alice,Johnson,1998-03-20
Bob,Williams,1977-12-05
John,Doe,1990-05-15
Jane,Smith,1985-10-30
Alice,Johnson,1998-03-20
Bob,Williams,1977-12-05
John,Doe,1990-05-15
Jane,Smith,1985-10-30
Alice,Johnson,1998-03-20
Bob,Williams,1977-12-05
John,Doe,1990-05-15
Jane,Smith,1985-10-30
Alice,Johnson,1998-03-20
Bob,Williams,1977-12-05
John,Doe,1990-05-15
Jane,Smith,1985-10-30
Alice,Johnson,1998-03-20
Bob,Williams,1977-12-05
John,Doe,1990-05-15
Jane,Smith,1985-10-30
Alice,Johnson,1998-03-20
Bob,Williams,1977-12-05
John,Doe,1990-05-15
Jane,Smith,1985-10-30
Alice,Johnson,1998-03-20
Bob,Williams,1977-12-05
John,Doe,1990-05-15
Jane,Smith,1985-10-30
Alice,Johnson,1998-03-20
Bob,Williams,1977-12-05
John,Doe,1990-05-15
Jane,Smith,1985-10-30
Alice,Johnson,1998-03-20
Bob,Williams,1977-12-05
John,Doe,1990-05-15
Jane,Smith,1985-10-30
Alice,Johnson,1998-03-20
Bob,Williams,1977-12-05
John,Doe,1990-05-15
Jane,Smith,1985-10-30
Alice,Johnson,1998-03-20
Bob,Williams,1977-12-05
John,Doe,1990-05-15
Jane,Smith,1985-10-30
Alice,Johnson,1998-03-20
Bob,Williams,1977-12-05
John,Doe,1990-05-15
Jane,Smith,1985-10-30
Alice,Johnson,1998-03-20
Bob,Williams,1977-12-05
John,Doe,1990-05-15
Jane,Smith,1985-10-30
Alice,Johnson,1998-03-20
Bob,Williams,1977-12-05
John,Doe,1990-05-15
Jane,Smith,1985-10-30
Alice,Johnson,1998-03-20
Bob,Williams,1977-12-05
John,Doe,1990-05-15
Jane,Smith,1985-10-30
Alice,Johnson,1998-03-20
Bob,Williams,1977-12-05
John,Doe,1990-05-15
Jane,Smith,1985-10-30
Alice,Johnson,1998-03-20
Bob,Williams,1977-12-05
John,Doe,1990-05-15
Jane,Smith,1985-10-30
Alice,Johnson,1998-03-20
Bob,Williams,1977-12-05
John,Doe,1990-05-15
Jane,Smith,1985-10-30
Alice,Johnson,1998-03-20
Bob,Williams,1977-12-05
John,Doe,1990-05-15
Jane,Smith,1985-10-30
Alice,Johnson,1998-03-20
Bob,Williams,1977-12-05
John,Doe,1990-05-15
Jane,Smith,1985-10-30
Alice,Johnson,1998-03-20
Bob,Williams,1977-12-05
John,Doe,1990-05-15
Jane,Smith,1985-10-30
Alice,Johnson,1998-03-20
Bob,Williams,1977-12-05
John,Doe,1990-05-15
Jane,Smith,1985-10-30
Alice,Johnson,1998-03-20
Bob,Williams,1977-12-05
John,Doe,1990-05-15
Jane,Smith,1985-10-30
Alice,Johnson,1998-03-20
Bob,Williams,1977-12-05
John,Doe,1990-05-15
Jane,Smith,1985-10-30
Alice,Johnson,1998-03-20
Bob,Williams,1977-12-05
John,Doe,1990-05-15
Jane,Smith,1985-10-30
Alice,Johnson,1998-03-20
Bob,Williams,1977-12-05
John,Doe,1990-05-15
Jane,Smith,1985-10-30
Alice,Johnson,1998-03-20
Bob,Williams,1977-12-05
John,Doe,1990-05-15
Jane,Smith,1985-10-30
Alice,Johnson,1998-03-20
Bob,Williams,1977-12-05
John,Doe,1990-05-15
Jane,Smith,1985-10-30
Alice,Johnson,1998-03-20
Bob,Williams,1977-12-05
John,Doe,1990-05-15
Jane,Smith,1985-10-30
Alice,Johnson,1998-03-20
Bob,Williams,1977-12-05
John,Doe,1990-05-15
Jane,Smith,1985-10-30
Alice,Johnson,1998-03-20
Bob,Williams,1977-12-05
John,Doe,1990-05-15
Jane,Smith,1985-10-30
Alice,Johnson,1998-03-20
Bob,Williams,1977-12-05
John,Doe,1990-05-15
Jane,Smith,1985-10-30
Alice,Johnson,1998-03-20
Bob,Williams,1977-12-05
John,Doe,1990-05-15
Jane,Smith,1985-10-30
Alice,Johnson,1998-03-20
Bob,Williams,1977-12-05
John,Doe,1990-05-15
Jane,Smith,1985-10-30
Alice,Johnson,1998-03-20
Bob,Williams,1977-12-05
John,Doe,1990-05-15
Jane,Smith,1985-10-30
Alice,Johnson,1998-03-20
Bob,Williams,1977-12-05
John,Doe,1990-05-15
Jane,Smith,1985-10-30
Alice,Johnson,1998-03-20
Bob,Williams,1977-12-05
John,Doe,1990-05-15
Jane,Smith,1985-10-30
Alice,Johnson,1998-03-20
Bob,Williams,1977-12-05
John,Doe,1990-05-15
Jane,Smith,1985-10-30
Alice,Johnson,1998-03-20
Bob,Williams,1977-12-05
John,Doe,1990-05-15
Jane,Smith,1985-10-30
Alice,Johnson,1998-03-20
Bob,Williams,1977-12-05
John,Doe,1990-05-15
Jane,Smith,1985-10-30
Alice,Johnson,1998-03-20
Bob,Williams,1977-12-05
John,Doe,1990-05-15
Jane,Smith,1985-10-30
Alice,Johnson,1998-03-20
Bob,Williams,1977-12-05
John,Doe,1990-05-15
Jane,Smith,1985-10-30
Alice,Johnson,1998-03-20
Bob,Williams,1977-12-05
John,Doe,1990-05-15
Jane,Smith,1985-10-30
Alice,Johnson,1998-03-20
Bob,Williams,1977-12-05
John,Doe,1990-05-15
Jane,Smith,1985-10-30
Alice,Johnson,1998-03-20
Bob,Williams,1977-12-05
John,Doe,1990-05-15
Jane,Smith,1985-10-30
Alice,Johnson,1998-03-20
Bob,Williams,1977-12-05
John,Doe,1990-05-15
Jane,Smith,1985-10-30
Alice,Johnson,1998-03-20
Bob,Williams,1977-12-05
John,Doe,1990-05-15
Jane,Smith,1985-10-30
Alice,Johnson,1998-03-20
Bob,Williams,1977-12-05
John,Doe,1990-05-15
Jane,Smith,1985-10-30
Alice,Johnson,1998-03-20
Bob,Williams,1977-12-05
John,Doe,1990-05-15
Jane,Smith,1985-10-30
Alice,Johnson,1998-03-20
Bob,Williams,1977-12-05
John,Doe,1990-05-15
Jane,Smith,1985-10-30
Alice,Johnson,1998-03-20
Bob,Williams,1977-12-05
John,Doe,1990-05-15
Jane,Smith,1985-10-30
Alice,Johnson,1998-03-20
Bob,Williams,1977-12-05
John,Doe,1990-05-15
Jane,Smith,1985-10-30
Alice,Johnson,1998-03-20
Bob,Williams,1977-12-05
John,Doe,1990-05-15
Jane,Smith,1985-10-30
Alice,Johnson,1998-03-20
Bob,Williams,1977-12-05
John,Doe,1990-05-15
Jane,Smith,1985-10-30
Alice,Johnson,1998-03-20
Bob,Williams,1977-12-05
John,Doe,1990-05-15
Jane,Smith,1985-10-30
Alice,Johnson,1998-03-20
Bob,Williams,1977-12-05
John,Doe,1990-05-15
Jane,Smith,1985-10-30
Alice,Johnson,1998-03-20
Bob,Williams,1977-12-05
John,Doe,1990-05-15
Jane,Smith,1985-10-30
Alice,Johnson,1998-03-20
Bob,Williams,1977-12-05
John,Doe,1990-05-15
Jane,Smith,1985-10-30
Alice,Johnson,1998-03-20
Bob,Williams,1977-12-05
John,Doe,1990-05-15
Jane,Smith,1985-10-30
Alice,Johnson,1998-03-20
Bob,Williams,1977-12-05
John,Doe,1990-05-15
Jane,Smith,1985-10-30
Alice,Johnson,1998-03-20
Bob,Williams,1977-12-05
John,Doe,1990-05-15
Jane,Smith,1985-10-30
Alice,Johnson,1998-03-20
Bob,Williams,1977-12-05
John,Doe,1990-05-15
Jane,Smith,1985-10-30
Alice,Johnson,1998-03-20
Bob,Williams,1977-12-05
John,Doe,1990-05-15
Jane,Smith,1985-10-30
Alice,Johnson,1998-03-20
Bob,Williams,1977-12-05
John,Doe,1990-05-15
Jane,Smith,1985-10-30
Alice,Johnson,1998-03-20
Bob,Williams,1977-12-05
John,Doe,1990-05-15
Jane,Smith,1985-10-30
Alice,Johnson,1998-03-20
Bob,Williams,1977-12-05
John,Doe,1990-05-15
Jane,Smith,1985-10-30
Alice,Johnson,1998-03-20
Bob,Williams,1977-12-05
John,Doe,1990-05-15
Jane,Smith,1985-10-30
Alice,Johnson,1998-03-20
Bob,Williams,1977-12-05
John,Doe,1990-05-15
Jane,Smith,1985-10-30
Alice,Johnson,1998-03-20
Bob,Williams,1977-12-05
John,Doe,1990-05-15
Jane,Smith,1985-10-30
Alice,Johnson,1998-03-20
Bob,Williams,1977-12-05
John,Doe,1990-05-15
Jane,Smith,1985-10-30
Alice,Johnson,1998-03-20
Bob,Williams,1977-12-05
John,Doe,1990-05-15
Jane,Smith,1985-10-30
Alice,Johnson,1998-03-20
Bob,Williams,1977-12-05
John,Doe,1990-05-15
Jane,Smith,1985-10-30
Alice,Johnson,1998-03-20
Bob,Williams,1977-12-05
John,Doe,1990-05-15
Jane,Smith,1985-10-30
Alice,Johnson,1998-03-20
Bob,Williams,1977-12-05
John,Doe,1990-05-15
Jane,Smith,1985-10-30
Alice,Johnson,1998-03-20
Bob,Williams,1977-12-05
John,Doe,1990-05-15
Jane,Smith,1985-10-30
Alice,Johnson,1998-03-20
Bob,Williams,1977-12-05
John,Doe,1990-05-15
Jane,Smith,1985-10-30
Alice,Johnson,1998-03-20
Bob,Williams,1977-12-05
John,Doe,1990-05-15
Jane,Smith,1985-10-30
Alice,Johnson,1998-03-20
Bob,Williams,1977-12-05
John,Doe,1990-05-15
Jane,Smith,1985-10-30
Alice,Johnson,1998-03-20
Bob,Williams,1977-12-05
John,Doe,1990-05-15
Jane,Smith,1985-10-30
Alice,Johnson,1998-03-20
Bob,Williams,1977-12-05
John,Doe,1990-05-15
Jane,Smith,1985-10-30
Alice,Johnson,1998-03-20
Bob,Williams,1977-12-05
John,Doe,1990-05-15
Jane,Smith,1985-10-30
Alice,Johnson,1998-03-20
Bob,Williams,1977-12-05
John,Doe,1990-05-15
Jane,Smith,1985-10-30
Alice,Johnson,1998-03-20
Bob,Williams,1977-12-05
John,Doe,1990-05-15
Jane,Smith,1985-10-30
Alice,Johnson,1998-03-20
Bob,Williams,1977-12-05
John,Doe,1990-05-15
Jane,Smith,1985-10-30
Alice,Johnson,1998-03-20
Bob,Williams,1977-12-05
John,Doe,1990-05-15
Jane,Smith,1985-10-30
Alice,Johnson,1998-03-20
Bob,Williams,1977-12-05
John,Doe,1990-05-15
Jane,Smith,1985-10-30
Alice,Johnson,1998-03-20
Bob,Williams,1977-12-05
John,Doe,1990-05-15
Jane,Smith,1985-10-30
Alice,Johnson,1998-03-20
Bob,Williams,1977-12-05
John,Doe,1990-05-15
Jane,Smith,1985-10-30
Alice,Johnson,1998-03-20
Bob,Williams,1977-12-05
John,Doe,1990-05-15
Jane,Smith,1985-10-30
Alice,Johnson,1998-03-20
Bob,Williams,1977-12-05
John,Doe,1990-05-15
Jane,Smith,1985-10-30
Alice,Johnson,1998-03-20
Bob,Williams,1977-12-05
John,Doe,1990-05-15
Jane,Smith,1985-10-30
Alice,Johnson,1998-03-20
Bob,Williams,1977-12-05
John,Doe,1990-05-15
Jane,Smith,1985-10-30
Alice,Johnson,1998-03-20
Bob,Williams,1977-12-05
John,Doe,1990-05-15
Jane,Smith,1985-10-30
Alice,Johnson,1998-03-20
Bob,Williams,1977-12-05